file,title,date,people,renyiCategories,topics,country,city,description,downloadName,alt,link
uploads/archive/佛堂中/天佑宮中叩拜1.jpg,天佑宮中叩拜,,仁義大仙,佛堂,,臺灣,,原始典藏照片。,崇德仁義-天佑宮中叩拜1.jpg,仁義大仙於天佑宮中叩拜,
uploads/archive/佛堂中/天佑宮動土1.png,天佑宮動土,,仁義大仙,佛堂,,臺灣,,原始典藏照片。,崇德仁義-天佑宮動土1.png,天佑宮動土典禮照片,
uploads/archive/佛堂中/孔孟聖廟安座.png,孔孟聖廟安座,,仁義大仙,佛堂,,臺灣,,原始典藏照片。,崇德仁義-孔孟聖廟安座.png,孔孟聖廟安座典禮照片,
uploads/archive/家人/福山全家福.png,福山全家福,,仁義大仙,家人,,臺灣,,原始典藏照片。,崇德仁義-福山全家福.png,仁義大仙與家人合照,
uploads/archive/家人/與夫人在崇德壇.png,與夫人在崇德壇,,仁義大仙,家人,,臺灣,,原始典藏照片。,崇德仁義-與夫人在崇德壇.png,仁義大仙與夫人在崇德壇留影,
uploads/archive/家人/大陸眷屬.png,大陸眷屬,,仁義大仙,家人,,中國大陸,,原始典藏照片。,崇德仁義-大陸眷屬.png,仁義大仙家人眷屬照片,
uploads/archive/眾道親/天佑宮前合照.jpg,天佑宮前合照,,仁義大仙,眾道親,,臺灣,,原始典藏照片。,崇德仁義-天佑宮前合照.jpg,仁義大仙與眾道親於天佑宮前合照,
uploads/archive/眾道親/孝義聯誼會1.jpg,孝義聯誼會,,仁義大仙,眾道親,,臺灣,,原始典藏照片。,崇德仁義-孝義聯誼會1.jpg,孝義聯誼會活動照片,
uploads/archive/眾道親/社會公益.png,社會公益,,仁義大仙,眾道親,,臺灣,,原始典藏照片。,崇德仁義-社會公益.png,仁義大仙參與社會公益活動,
uploads/archive/獨照/孔廟照_1.jpg,孔廟留影,,仁義大仙,獨照,,臺灣,,原始典藏照片。,崇德仁義-孔廟照1.jpg,仁義大仙於孔廟留影,
uploads/archive/獨照/道袍.jpg,道袍留影,,仁義大仙,獨照,,臺灣,,原始典藏照片。,崇德仁義-道袍留影.jpg,仁義大仙身著道袍留影,
uploads/archive/獨照/竹編椅_1.jpg,竹編椅留影,,仁義大仙,獨照,,臺灣,,原始典藏照片。,崇德仁義-竹編椅留影1.jpg,仁義大仙於竹編椅留影,
uploads/archive/墨寶/方老點傳師/仁者無敵/仁者無敵(原版).JPG,仁者無敵墨寶,,仁義大仙,,墨寶,臺灣,,原始典藏墨寶。,崇德仁義-仁者無敵墨寶.JPG,仁者無敵書法墨寶,
uploads/archive/墨寶/方老點傳師/佛/佛1.jpg,佛字墨寶,,仁義大仙,,墨寶,臺灣,,原始典藏墨寶。,崇德仁義-佛字墨寶1.jpg,佛字書法墨寶,
uploads/archive/墨寶/方老點傳師/其他/慈悲喜捨.JPG,慈悲喜捨墨寶,,仁義大仙,,墨寶,臺灣,,原始典藏墨寶。,崇德仁義-慈悲喜捨墨寶.JPG,慈悲喜捨書法墨寶,
uploads/archive/墨寶/朱玖塋墨寶/道範長存1.JPG,道範長存墨寶,,,,墨寶,臺灣,,朱玖塋先生原始典藏墨寶。,崇德仁義-道範長存墨寶1.JPG,道範長存書法墨寶,
uploads/archive/與前人輩/前人老/前人老蒞臨天佑宮.jpg,前人老蒞臨天佑宮,,仁義大仙|前人老,,,臺灣,,原始典藏照片。,崇德仁義-前人老蒞臨天佑宮.jpg,仁義大仙與前人老於天佑宮,
uploads/archive/與前人輩/前人老/前人老頒獎1.jpg,前人老頒獎,,仁義大仙|前人老,,,臺灣,,原始典藏照片。,崇德仁義-前人老頒獎1.jpg,前人老頒獎活動照片,
uploads/archive/與前人輩/前人老/安老院動土合照.jpg,安老院動土合照,,仁義大仙|前人老,,,臺灣,,原始典藏照片。,崇德仁義-安老院動土合照.jpg,安老院動土典禮合照,
uploads/archive/與前人輩/老前人/光明仁愛之家董事.jpg,光明仁愛之家董事合照,,仁義大仙|老前人|前人老,,,臺灣,,原始典藏照片。,崇德仁義-光明仁愛之家董事.jpg,光明仁愛之家董事合照,
uploads/archive/與前人輩/老前人/叩拜1.jpg,同老前人叩拜,,仁義大仙|老前人,,,臺灣,,原始典藏照片。,崇德仁義-老前人叩拜1.jpg,仁義大仙與老前人叩拜照片,
uploads/archive/與前人輩/老前人/孔廟1.jpg,同老前人孔廟留影,,仁義大仙|老前人,,,臺灣,,原始典藏照片。,崇德仁義-老前人孔廟1.jpg,仁義大仙與老前人於孔廟留影,
uploads/archive/1日本/方老點傳師傳題_11日本.jpg,日本慈悲傳題,,仁義大仙,,,日本,,原始典藏照片。,崇德仁義-日本傳題11.jpg,仁義大仙於日本傳題,
uploads/archive/1日本/方老點傳師傳題_12日本.jpg,日本慈悲傳題,,仁義大仙,,,日本,,原始典藏照片。,崇德仁義-日本傳題12.jpg,仁義大仙於日本傳題,
uploads/archive/2泰國/泰國曼谷市長-待確定   眾道親9.JPG,泰國曼谷活動合照-泰國曼谷市長(中間),,仁義大仙,眾道親,,泰國,曼谷,,崇德仁義-泰國曼谷活動合照.JPG,仁義大仙於泰國曼谷活動合照,
uploads/archive/2泰國/辦道3 (泰國）.png,泰國辦道,,仁義大仙,佛堂,,泰國,,原始典藏照片。,崇德仁義-泰國辦道3.png,仁義大仙於泰國辦道照片,
uploads/archive/3印尼  新加坡/印尼正德佛院動土1.png,印尼正德佛院動土,,仁義大仙,佛堂,,印尼,,原始典藏照片。,崇德仁義-印尼正德佛院動土1.png,印尼正德佛院動土典禮照片,
uploads/archive/3印尼  新加坡/方老點傳師傳題_18印尼.jpg,印尼慈悲傳題,,仁義大仙,,,印尼,,原始典藏照片。,崇德仁義-印尼傳題18.jpg,仁義大仙於印尼傳題,
uploads/archive/3印尼  新加坡/眾道親印尼1.jpg,印尼眾道親合照,,仁義大仙,眾道親,,印尼,,原始典藏照片。,崇德仁義-印尼眾道親合照1.jpg,仁義大仙與印尼眾道親合照,
uploads/archive/6大陸/辦道4.png,大陸辦道,,仁義大仙,佛堂,,中國大陸,,原始典藏照片。,崇德仁義-大陸辦道4.png,仁義大仙於中國大陸辦道照片,
uploads/archive/佛堂中/天佑宮中叩拜2.jpg,天佑宮中叩拜,,仁義大仙,佛堂,,臺灣,,,崇德仁義-天佑宮中叩拜2.jpg,仁義大仙於天佑宮中叩拜,
uploads/archive/佛堂中/天佑宮動土2.png,天佑宮動土,,仁義大仙,佛堂,,臺灣,,,崇德仁義-天佑宮動土2.png,天佑宮動土典禮照片,
uploads/archive/佛堂中/方老點傳師與佛堂_1.jpg,佛堂中,,仁義大仙,佛堂,,臺灣,,,崇德仁義-方老點傳師與佛堂1.jpg,方老點傳師於佛堂留影,
uploads/archive/佛堂中/方老點傳師與佛堂_2.jpg,佛堂中,,仁義大仙,佛堂,,臺灣,,,崇德仁義-方老點傳師與佛堂2.jpg,方老點傳師於佛堂留影,
uploads/archive/佛堂中/辦道1.jpg,辦道,,仁義大仙,佛堂,,臺灣,,,崇德仁義-辦道1.jpg,仁義大仙辦道照片,
uploads/archive/佛堂中/辦道5.png,辦道,,仁義大仙,佛堂,,臺灣,,,崇德仁義-辦道5.png,仁義大仙辦道照片,
uploads/archive/傳題/方老點傳師傳題_1.jpg,慈悲傳題,,仁義大仙,,,臺灣,,,崇德仁義-方老點傳師傳題1.jpg,方老點傳師傳題照片,
uploads/archive/傳題/方老點傳師傳題_10.jpg,師尊追思紀念會,,仁義大仙,,,臺灣,,,崇德仁義-方老點傳師傳題10.jpg,方老點傳師傳題照片,
uploads/archive/傳題/方老點傳師傳題_15.jpg,慈悲傳題,,仁義大仙,,,臺灣,,,崇德仁義-方老點傳師傳題15.jpg,方老點傳師傳題照片,
uploads/archive/傳題/方老點傳師傳題_2.jpg,慈悲傳題(孝道),,仁義大仙,,,臺灣,,,崇德仁義-方老點傳師傳題2.jpg,方老點傳師傳題照片,
uploads/archive/傳題/方老點傳師傳題_20.jpg,慈悲傳題,,仁義大仙,,,臺灣,,,崇德仁義-方老點傳師傳題20.jpg,方老點傳師傳題照片,
uploads/archive/傳題/方老點傳師傳題_23.png,慈悲傳題,,仁義大仙,,,臺灣,,,崇德仁義-方老點傳師傳題23.png,方老點傳師傳題照片,
uploads/archive/傳題/方老點傳師傳題_24.png,慈悲傳題,,仁義大仙,,,臺灣,,,崇德仁義-方老點傳師傳題24.png,方老點傳師傳題照片,
uploads/archive/傳題/方老點傳師傳題_25.png,慈悲傳題,,仁義大仙,,,臺灣,,,崇德仁義-方老點傳師傳題25.png,方老點傳師傳題照片,
uploads/archive/傳題/方老點傳師傳題_27.PNG,慈悲傳題(孝道),,仁義大仙,,,臺灣,,,崇德仁義-方老點傳師傳題27.PNG,方老點傳師傳題照片,
uploads/archive/傳題/方老點傳師傳題_3.jpg,慈悲傳題,,仁義大仙,,,臺灣,,,崇德仁義-方老點傳師傳題3.jpg,方老點傳師傳題照片,
uploads/archive/傳題/方老點傳師傳題_5.jpg,天佑宮慈悲傳題,,仁義大仙,佛堂,,臺灣,,,崇德仁義-方老點傳師傳題5.jpg,仁義大仙於天佑宮傳題,
uploads/archive/傳題/方老點傳師傳題_6.jpg,慈悲傳題,,仁義大仙,,,臺灣,,,崇德仁義-方老點傳師傳題6.jpg,方老點傳師傳題照片,
uploads/archive/傳題/方老點傳師傳題_7.jpg,慈悲傳題,,仁義大仙,,,臺灣,,,崇德仁義-方老點傳師傳題7.jpg,方老點傳師傳題照片,
uploads/archive/傳題/方老點傳師傳題_8.jpg,慈悲傳題,,仁義大仙,,,臺灣,,,崇德仁義-方老點傳師傳題8.jpg,方老點傳師傳題照片,
uploads/archive/傳題/方老點傳師傳題_9.jpg,慈悲傳題,,仁義大仙,,,臺灣,,,崇德仁義-方老點傳師傳題9.jpg,方老點傳師傳題照片,
uploads/archive/其他/三才開沙.jpg,三才開沙,,仁義大仙,,,臺灣,,,崇德仁義-三才開沙.jpg,三才開沙照片,
uploads/archive/其他/和美好人報紙.png,和美好人報紙,,仁義大仙,,,臺灣,,,崇德仁義-和美好人報紙.png,和美好人報紙資料,
uploads/archive/其他/社會公益報紙.png,社會公益報紙,,仁義大仙,,,臺灣,,,崇德仁義-社會公益報紙.png,社會公益報紙資料,
uploads/archive/其他/福山合照.jpg,福山合照(方太太-中間),,仁義大仙,,,臺灣,,,崇德仁義-福山合照.jpg,福山合照,
uploads/archive/其他/結緣訓.png,結緣(天佑宮),,仁義大仙,,,臺灣,,,崇德仁義-結緣訓.png,結緣訓資料,
uploads/archive/其他/蔡點傳在崇德壇.jpg,蔡點傳師在崇德壇,,,,,臺灣,,,崇德仁義-蔡點傳在崇德壇.jpg,蔡點傳於崇德壇留影,
uploads/archive/墨寶/方老點傳師/仁者無敵/仁者無敵.jpg,仁者無敵墨寶,,仁義大仙,,墨寶,臺灣,,,崇德仁義-仁者無敵墨寶.jpg,仁者無敵墨寶,
uploads/archive/墨寶/方老點傳師/佛/佛10.jpg,佛字墨寶,,仁義大仙,,墨寶,臺灣,,,崇德仁義-佛字墨寶10.jpg,佛字墨寶,
uploads/archive/墨寶/方老點傳師/佛/佛11.jpg,佛字墨寶,,仁義大仙,,墨寶,臺灣,,,崇德仁義-佛字墨寶11.jpg,佛字墨寶,
uploads/archive/墨寶/方老點傳師/佛/佛12.jpg,佛字墨寶,,仁義大仙,,墨寶,臺灣,,,崇德仁義-佛字墨寶-4c836912.jpg,佛字墨寶,
uploads/archive/墨寶/方老點傳師/佛/佛13.jpg,佛字墨寶,,仁義大仙,,墨寶,臺灣,,,崇德仁義-佛字墨寶-8430f91d.jpg,佛字墨寶,
uploads/archive/墨寶/方老點傳師/佛/佛14.jpg,佛字墨寶,,仁義大仙,,墨寶,臺灣,,,崇德仁義-佛字墨寶-98ee8b1b.jpg,佛字墨寶,
uploads/archive/墨寶/方老點傳師/佛/佛2.jpg,佛字墨寶,,仁義大仙,,墨寶,臺灣,,,崇德仁義-佛字墨寶-a90d0aa8.jpg,佛字墨寶,
uploads/archive/墨寶/方老點傳師/佛/佛3.jpg,佛字墨寶,,仁義大仙,,墨寶,臺灣,,,崇德仁義-佛字墨寶-f89affac.jpg,佛字墨寶,
uploads/archive/墨寶/方老點傳師/佛/佛3（原版）.jpg,佛字墨寶,,仁義大仙,,墨寶,臺灣,,,崇德仁義-佛字墨寶-3596ca86.jpg,佛字墨寶,
uploads/archive/墨寶/方老點傳師/佛/佛4.jpg,佛字墨寶,,仁義大仙,,墨寶,臺灣,,,崇德仁義-佛字墨寶-e8f8c31d.jpg,佛字墨寶,
uploads/archive/墨寶/方老點傳師/佛/佛5.jpg,佛字墨寶,,仁義大仙,,墨寶,臺灣,,,崇德仁義-佛字墨寶-cb6a292c.jpg,佛字墨寶,
uploads/archive/墨寶/方老點傳師/佛/佛6.JPG,佛字墨寶,,仁義大仙,,墨寶,臺灣,,,崇德仁義-佛字墨寶-53a5386c.JPG,佛字墨寶,
uploads/archive/墨寶/方老點傳師/佛/佛7.JPG,佛字墨寶,,仁義大仙,,墨寶,臺灣,,,崇德仁義-佛字墨寶-271cde5a.JPG,佛字墨寶,
uploads/archive/墨寶/方老點傳師/佛/佛8.jpg,佛字墨寶,,仁義大仙,,墨寶,臺灣,,,崇德仁義-佛字墨寶-552d7d3a.jpg,佛字墨寶,
uploads/archive/墨寶/方老點傳師/佛/佛9.jpg,佛字墨寶,,仁義大仙,,墨寶,臺灣,,,崇德仁義-佛字墨寶-5fa6fb1c.jpg,佛字墨寶,
uploads/archive/墨寶/方老點傳師/其他/其他1.jpg,其他墨寶,,仁義大仙,,墨寶,臺灣,,,崇德仁義-其他墨寶-e92d1a01.jpg,其他墨寶,
uploads/archive/墨寶/方老點傳師/其他/其他2.jpg,其他墨寶,,仁義大仙,,墨寶,臺灣,,,崇德仁義-其他墨寶-56d38827.jpg,其他墨寶,
uploads/archive/墨寶/方老點傳師/其他/其他3.JPG,其他墨寶,,仁義大仙,,墨寶,臺灣,,,崇德仁義-其他墨寶-8dbf30e9.JPG,其他墨寶,
uploads/archive/墨寶/方老點傳師/其他/勸化鸞音1.png,勸化鸞音封面,,仁義大仙,,墨寶,臺灣,,,崇德仁義-勸化鸞音墨寶-ea1e1b3f.png,勸化鸞音墨寶,
uploads/archive/墨寶/方老點傳師/其他/勸化鸞音2.png,勸化鸞音,,仁義大仙,,墨寶,臺灣,,,崇德仁義-勸化鸞音墨寶-f71b4e3c.png,勸化鸞音墨寶,
uploads/archive/墨寶/方老點傳師/其他/勸化鸞音3.jpg,勸化鸞音,,仁義大仙,,墨寶,臺灣,,,崇德仁義-勸化鸞音墨寶-8bd20d84.jpg,勸化鸞音墨寶,
uploads/archive/墨寶/方老點傳師/其他/勸化鸞音3（原版）.jpg,勸化鸞音,,仁義大仙,,墨寶,臺灣,,,崇德仁義-勸化鸞音墨寶-5ba034ff.jpg,勸化鸞音墨寶,
uploads/archive/墨寶/方老點傳師/其他/勸化鸞音4.jpg,勸化鸞音墨寶,,仁義大仙,,墨寶,臺灣,,,崇德仁義-勸化鸞音墨寶-d641c5e8.jpg,勸化鸞音墨寶,
uploads/archive/墨寶/方老點傳師/其他/勸化鸞音4（原版）.jpg,勸化鸞音墨寶,,仁義大仙,,墨寶,臺灣,,,崇德仁義-勸化鸞音墨寶-84bf887b.jpg,勸化鸞音墨寶,
uploads/archive/墨寶/方老點傳師/其他/勸化鸞音5.png,合照(勸化鸞音),,仁義大仙,,墨寶,臺灣,,,崇德仁義-勸化鸞音墨寶-359ac4d5.png,勸化鸞音墨寶,
uploads/archive/墨寶/方老點傳師/其他/勸化鸞音6.png,開元殿合照,,仁義大仙,,墨寶,臺灣,,,崇德仁義-勸化鸞音墨寶-5f3109c8.png,勸化鸞音墨寶,
uploads/archive/墨寶/方老點傳師/其他/博愛.JPG,博愛墨寶,,仁義大仙,,墨寶,臺灣,,,崇德仁義-博愛墨寶-e47e9273.JPG,博愛墨寶,
uploads/archive/墨寶/方老點傳師/其他/博愛（原版）.jpg,博愛墨寶,,仁義大仙,,墨寶,臺灣,,,崇德仁義-博愛墨寶-2b5e6c37.jpg,博愛墨寶,
uploads/archive/墨寶/方老點傳師/其他/壽.JPG,壽墨寶,,仁義大仙,,墨寶,臺灣,,,崇德仁義-壽墨寶-7bdfda80.JPG,壽墨寶,
uploads/archive/墨寶/方老點傳師/其他/建廟奇功_1JPG.JPG,建廟奇功墨寶(方點傳慧珍-左),,仁義大仙,,墨寶,臺灣,,,崇德仁義-建廟奇功墨寶-e2670fb0.JPG,建廟奇功墨寶,
uploads/archive/墨寶/方老點傳師/其他/建廟奇功_2.JPG,建廟奇功墨寶(方點傳慧珍-左),,仁義大仙,,墨寶,臺灣,,,崇德仁義-建廟奇功墨寶-fb6ac38e.JPG,建廟奇功墨寶,
uploads/archive/墨寶/方老點傳師/其他/皇天德報_1.JPG,皇天德報墨寶(方點傳慧珍-左),,仁義大仙,,墨寶,臺灣,,,崇德仁義-皇天德報墨寶-5b34672c.JPG,皇天德報墨寶,
uploads/archive/墨寶/方老點傳師/其他/皇天德報_2.JPG,皇天德報墨寶(方點傳慧珍-左),,仁義大仙,,墨寶,臺灣,,,崇德仁義-皇天德報墨寶-a6b9f9a6.JPG,皇天德報墨寶,
uploads/archive/墨寶/方老點傳師/其他/皇天德報_3.JPG,皇天德報墨寶(方點傳慧珍-左),,仁義大仙,,墨寶,臺灣,,,崇德仁義-皇天德報墨寶-c362c240.JPG,皇天德報墨寶,
uploads/archive/墨寶/方老點傳師/其他/皇天德報_4.JPG,皇天德報墨寶,,仁義大仙,,墨寶,臺灣,,,崇德仁義-皇天德報墨寶-f78abeea.JPG,皇天德報墨寶,
uploads/archive/墨寶/方老點傳師/其他/皇天德報_5.JPG,皇天德報墨寶,,仁義大仙,,墨寶,臺灣,,,崇德仁義-皇天德報墨寶-5e734c7c.JPG,皇天德報墨寶,
uploads/archive/墨寶/方老點傳師/其他/護道佛助_1.JPG,護道佛助墨寶(方點傳慧珍-左),,仁義大仙,,墨寶,臺灣,,,崇德仁義-護道佛助墨寶-08b6e34c.JPG,護道佛助墨寶,
uploads/archive/墨寶/方老點傳師/其他/護道佛助_2.JPG,護道佛助墨寶(方點傳慧珍-左),,仁義大仙,,墨寶,臺灣,,,崇德仁義-護道佛助墨寶-57dfbcf2.JPG,護道佛助墨寶,
uploads/archive/墨寶/方老點傳師/其他/財施致富_1.JPG,財施致富墨寶(方點傳慧珍-左),,仁義大仙,,墨寶,臺灣,,,崇德仁義-財施致富墨寶-81449343.JPG,財施致富墨寶,
uploads/archive/墨寶/方老點傳師/其他/財施致富_2.JPG,財施致富墨寶(方點傳慧珍-左),,仁義大仙,,墨寶,臺灣,,,崇德仁義-財施致富墨寶-5601dba6.JPG,財施致富墨寶,
uploads/archive/墨寶/方老點傳師/其他/靜禪.JPG,靜禪墨寶,,仁義大仙,,墨寶,臺灣,,,崇德仁義-靜禪墨寶-ac941273.JPG,靜禪墨寶,
uploads/archive/墨寶/方老點傳師/其他/龍馬精神.JPG,龍馬精神墨寶,,仁義大仙,,墨寶,臺灣,,,崇德仁義-龍馬精神墨寶-5e321d55.JPG,龍馬精神墨寶,
uploads/archive/墨寶/方老點傳師/四海一家/四海一家1.JPG,四海一家墨寶,,仁義大仙,,墨寶,臺灣,,,崇德仁義-四海一家墨寶-cb5b3907.JPG,四海一家墨寶,
uploads/archive/墨寶/方老點傳師/四海一家/四海一家2.jpg,四海一家墨寶,,仁義大仙,,墨寶,臺灣,,,崇德仁義-四海一家墨寶-8a97f755.jpg,四海一家墨寶,
uploads/archive/墨寶/方老點傳師/對聯/對聯1.JPG,對聯墨寶(右),,仁義大仙,,墨寶,臺灣,,,崇德仁義-對聯墨寶-5810707f.JPG,對聯墨寶,
uploads/archive/墨寶/方老點傳師/對聯/對聯2.JPG,對聯墨寶(左),,仁義大仙,,墨寶,臺灣,,,崇德仁義-對聯墨寶-67abc4e4.JPG,對聯墨寶,
uploads/archive/墨寶/方老點傳師/文章/文章_1.JPG,文章墨寶,,仁義大仙,,墨寶,臺灣,,,崇德仁義-文章墨寶-8f310f9b.JPG,文章墨寶,
uploads/archive/墨寶/方老點傳師/文章/文章_1（原版）.jpg,文章墨寶,,仁義大仙,,墨寶,臺灣,,,崇德仁義-文章墨寶-017a292c.jpg,文章墨寶,
uploads/archive/墨寶/方老點傳師/文章/文章_2.jpg,文章墨寶,,仁義大仙,,墨寶,臺灣,,,崇德仁義-文章墨寶-bcf50740.jpg,文章墨寶,
uploads/archive/墨寶/方老點傳師/方點傳師字跡/字跡/方老點傳師字跡_1.JPG,珍貴字跡,,仁義大仙,,墨寶,臺灣,,,崇德仁義-方老點傳師字跡墨寶-2e72122e.JPG,方老點傳師字跡墨寶,
uploads/archive/墨寶/方老點傳師/方點傳師字跡/字跡/方老點傳師字跡_10.JPG,珍貴字跡,,仁義大仙,,墨寶,臺灣,,,崇德仁義-方老點傳師字跡墨寶-34650e70.JPG,方老點傳師字跡墨寶,
uploads/archive/墨寶/方老點傳師/方點傳師字跡/字跡/方老點傳師字跡_2.JPG,珍貴字跡,,仁義大仙,,墨寶,臺灣,,,崇德仁義-方老點傳師字跡墨寶-512791ff.JPG,方老點傳師字跡墨寶,
uploads/archive/墨寶/方老點傳師/方點傳師字跡/字跡/方老點傳師字跡_3.JPG,珍貴字跡,,仁義大仙,,墨寶,臺灣,,,崇德仁義-方老點傳師字跡墨寶-dcf3c741.JPG,方老點傳師字跡墨寶,
uploads/archive/墨寶/方老點傳師/方點傳師字跡/字跡/方老點傳師字跡_4.JPG,珍貴字跡,,仁義大仙,,墨寶,臺灣,,,崇德仁義-方老點傳師字跡墨寶-0147897b.JPG,方老點傳師字跡墨寶,
uploads/archive/墨寶/方老點傳師/方點傳師字跡/字跡/方老點傳師字跡_5.JPG,珍貴字跡,,仁義大仙,,墨寶,臺灣,,,崇德仁義-方老點傳師字跡墨寶-6ae22931.JPG,方老點傳師字跡墨寶,
uploads/archive/墨寶/方老點傳師/方點傳師字跡/字跡/方老點傳師字跡_6.JPG,珍貴字跡,,仁義大仙,,墨寶,臺灣,,,崇德仁義-方老點傳師字跡墨寶-a41df734.JPG,方老點傳師字跡墨寶,
uploads/archive/墨寶/方老點傳師/方點傳師字跡/字跡/方老點傳師字跡_7.JPG,珍貴字跡,,仁義大仙,,墨寶,臺灣,,,崇德仁義-方老點傳師字跡墨寶-61865a71.JPG,方老點傳師字跡墨寶,
uploads/archive/墨寶/方老點傳師/方點傳師字跡/字跡/方老點傳師字跡_8.JPG,珍貴字跡,,仁義大仙,,墨寶,臺灣,,,崇德仁義-方老點傳師字跡墨寶-b47c379e.JPG,方老點傳師字跡墨寶,
uploads/archive/墨寶/方老點傳師/方點傳師字跡/字跡/方老點傳師字跡_9.JPG,珍貴字跡,,仁義大仙,,墨寶,臺灣,,,崇德仁義-方老點傳師字跡墨寶-0468d04a.JPG,方老點傳師字跡墨寶,
uploads/archive/墨寶/方老點傳師/方點傳師字跡/手筆/方老點傳師手筆_1.jpg,珍貴字跡,,仁義大仙,,墨寶,臺灣,,,崇德仁義-方老點傳師手筆墨寶-a2afa973.jpg,方老點傳師手筆墨寶,
uploads/archive/墨寶/方老點傳師/方點傳師字跡/手筆/方老點傳師手筆_2.jpg,珍貴字跡,,仁義大仙,,墨寶,臺灣,,,崇德仁義-方老點傳師手筆墨寶-977911bc.jpg,方老點傳師手筆墨寶,
uploads/archive/墨寶/方老點傳師/方點傳師字跡/手筆/方老點傳師手筆_3.jpg,珍貴字跡,,仁義大仙,,墨寶,臺灣,,,崇德仁義-方老點傳師手筆墨寶-93785eb4.jpg,方老點傳師手筆墨寶,
uploads/archive/墨寶/方老點傳師/方點傳師字跡/手筆/老點傳師小品.jpg,珍貴字跡(小品),,仁義大仙,,墨寶,臺灣,,,崇德仁義-老點傳師小品墨寶-712449c6.jpg,老點傳師小品墨寶,
uploads/archive/墨寶/方老點傳師/浩然正氣/浩然正氣1.JPG,浩然正氣墨寶,,仁義大仙,,墨寶,臺灣,,,崇德仁義-浩然正氣墨寶-720060b1.JPG,浩然正氣墨寶,
uploads/archive/墨寶/方老點傳師/浩然正氣/浩然正氣2.JPG,浩然正氣墨寶,,仁義大仙,,墨寶,臺灣,,,崇德仁義-浩然正氣墨寶-b813f455.JPG,浩然正氣墨寶,
uploads/archive/墨寶/方老點傳師/浩然正氣/浩然正氣3.JPG,浩然正氣墨寶,,仁義大仙,,墨寶,臺灣,,,崇德仁義-浩然正氣墨寶-478ff110.JPG,浩然正氣墨寶,
uploads/archive/墨寶/方老點傳師/翻拍/06250001.jpg,四海一家墨寶-翻拍,,仁義大仙,,墨寶,臺灣,,,崇德仁義-翻拍墨寶-8c3f1f6e.jpg,翻拍墨寶,
uploads/archive/墨寶/方老點傳師/翻拍/06250002.jpg,仁者無敵墨寶-翻拍,,仁義大仙,,墨寶,臺灣,,,崇德仁義-翻拍墨寶-dacc5b00.jpg,翻拍墨寶,
uploads/archive/墨寶/方老點傳師/翻拍/06250003.jpg,靜禪墨寶-翻拍,,仁義大仙,,墨寶,臺灣,,,崇德仁義-翻拍墨寶-47ce34b0.jpg,翻拍墨寶,
uploads/archive/墨寶/方老點傳師/翻拍/06250004.jpg,浩然正氣墨寶-翻拍,,仁義大仙,,墨寶,臺灣,,,崇德仁義-翻拍墨寶-145d2346.jpg,翻拍墨寶,
uploads/archive/墨寶/方老點傳師/翻拍/06250005.jpg,佛字墨寶-翻拍,,仁義大仙,,墨寶,臺灣,,,崇德仁義-翻拍墨寶-4fb733e0.jpg,翻拍墨寶,
uploads/archive/墨寶/方老點傳師/翻拍/06250006.jpg,浩然正氣墨寶-翻拍,,仁義大仙,,墨寶,臺灣,,,崇德仁義-翻拍墨寶-769705fb.jpg,翻拍墨寶,
uploads/archive/墨寶/方老點傳師/翻拍/06250007.jpg,慈悲喜捨墨寶-翻拍,,仁義大仙,,墨寶,臺灣,,,崇德仁義-翻拍墨寶-e00389a0.jpg,翻拍墨寶,
uploads/archive/墨寶/方老點傳師/翻拍/06250008.jpg,龍馬精神墨寶-翻拍,,仁義大仙,,墨寶,臺灣,,,崇德仁義-翻拍墨寶-a15a3928.jpg,翻拍墨寶,
uploads/archive/墨寶/方老點傳師/翻拍/06250009.jpg,龍馬精神墨寶-翻拍,,仁義大仙,,墨寶,臺灣,,,崇德仁義-翻拍墨寶-2738325a.jpg,翻拍墨寶,
uploads/archive/墨寶/方老點傳師/翻拍/06250010.jpg,博愛墨寶-翻拍,,仁義大仙,,墨寶,臺灣,,,崇德仁義-翻拍墨寶-800137e6.jpg,翻拍墨寶,
uploads/archive/墨寶/方老點傳師/翻拍/06250011.jpg,博愛墨寶-翻拍,,仁義大仙,,墨寶,臺灣,,,崇德仁義-翻拍墨寶-e1022b24.jpg,翻拍墨寶,
uploads/archive/墨寶/方老點傳師/翻拍/06250012.jpg,佛字墨寶-翻拍,,仁義大仙,,墨寶,臺灣,,,崇德仁義-翻拍墨寶-ae7cf5d7.jpg,翻拍墨寶,
uploads/archive/墨寶/方老點傳師/翻拍/06250013.jpg,佛字墨寶-翻拍,,仁義大仙,,墨寶,臺灣,,,崇德仁義-翻拍墨寶-11970a4c.jpg,翻拍墨寶,
uploads/archive/墨寶/方老點傳師/翻拍/06250015.jpg,佛字墨寶-翻拍,,仁義大仙,,墨寶,臺灣,,,崇德仁義-翻拍墨寶-ce2f1a55.jpg,翻拍墨寶,
uploads/archive/墨寶/方老點傳師/翻拍/06250016.jpg,浩然正氣墨寶-翻拍,,仁義大仙,,墨寶,臺灣,,,崇德仁義-翻拍墨寶-d0bd198b.jpg,翻拍墨寶,
uploads/archive/墨寶/方老點傳師/翻拍/06250017.jpg,浩然正氣墨寶-翻拍,,仁義大仙,,墨寶,臺灣,,,崇德仁義-翻拍墨寶-4a3e65b0.jpg,翻拍墨寶,
uploads/archive/墨寶/方老點傳師/翻拍/06250018.jpg,浩然正氣墨寶-翻拍,,仁義大仙,,墨寶,臺灣,,,崇德仁義-翻拍墨寶-af9a4565.jpg,翻拍墨寶,
uploads/archive/墨寶/方老點傳師/翻拍/06250019.jpg,佛字墨寶-翻拍,,仁義大仙,,墨寶,臺灣,,,崇德仁義-翻拍墨寶-0973756f.jpg,翻拍墨寶,
uploads/archive/墨寶/方老點傳師/翻拍/06250020.jpg,佛字墨寶-翻拍,,仁義大仙,,墨寶,臺灣,,,崇德仁義-翻拍墨寶-2ba474fe.jpg,翻拍墨寶,
uploads/archive/墨寶/方老點傳師/翻拍/06250021.jpg,佛字墨寶-翻拍,,仁義大仙,,墨寶,臺灣,,,崇德仁義-翻拍墨寶-cab91f3d.jpg,翻拍墨寶,
uploads/archive/墨寶/方老點傳師/翻拍/06250022.jpg,佛字墨寶-翻拍,,仁義大仙,,墨寶,臺灣,,,崇德仁義-翻拍墨寶-5ecf704a.jpg,翻拍墨寶,
uploads/archive/墨寶/方老點傳師/翻拍/06250023.jpg,佛字墨寶-翻拍,,仁義大仙,,墨寶,臺灣,,,崇德仁義-翻拍墨寶-bdf7f8f3.jpg,翻拍墨寶,
uploads/archive/墨寶/方老點傳師/翻拍/06250024.jpg,佛字墨寶-翻拍,,仁義大仙,,墨寶,臺灣,,,崇德仁義-翻拍墨寶-d96adcd8.jpg,翻拍墨寶,
uploads/archive/墨寶/方老點傳師/翻拍/06250025.jpg,浩然正氣墨寶-翻拍,,仁義大仙,,墨寶,臺灣,,,崇德仁義-翻拍墨寶-57356348.jpg,翻拍墨寶,
uploads/archive/墨寶/方老點傳師/翻拍/06250026.jpg,浩然正氣墨寶-翻拍,,仁義大仙,,墨寶,臺灣,,,崇德仁義-翻拍墨寶-0665e202.jpg,翻拍墨寶,
uploads/archive/墨寶/方老點傳師/翻拍/06250027.jpg,佛字墨寶-翻拍,,仁義大仙,,墨寶,臺灣,,,崇德仁義-翻拍墨寶-d18ae5ad.jpg,翻拍墨寶,
uploads/archive/墨寶/方老點傳師/翻拍/06250028.jpg,佛字墨寶-翻拍,,仁義大仙,,墨寶,臺灣,,,崇德仁義-翻拍墨寶-15d41164.jpg,翻拍墨寶,
uploads/archive/墨寶/方老點傳師/翻拍/06250029.jpg,佛字墨寶-翻拍,,仁義大仙,,墨寶,臺灣,,,崇德仁義-翻拍墨寶-24658ca7.jpg,翻拍墨寶,
uploads/archive/墨寶/方老點傳師/翻拍/06250030.jpg,仁者無敵墨寶-翻拍,,仁義大仙,,墨寶,臺灣,,,崇德仁義-翻拍墨寶-cf31cbb3.jpg,翻拍墨寶,
uploads/archive/墨寶/方老點傳師/翻拍/06250031.jpg,仁者無敵墨寶-翻拍,,仁義大仙,,墨寶,臺灣,,,崇德仁義-翻拍墨寶-45ee1055.jpg,翻拍墨寶,
uploads/archive/墨寶/方老點傳師/翻拍/06250032.jpg,對聯墨寶(左)-翻拍,,仁義大仙,,墨寶,臺灣,,,崇德仁義-翻拍墨寶-ff32c7eb.jpg,翻拍墨寶,
uploads/archive/墨寶/方老點傳師/翻拍/06250033.jpg,對聯墨寶(左)-翻拍,,仁義大仙,,墨寶,臺灣,,,崇德仁義-翻拍墨寶-e7a671ff.jpg,翻拍墨寶,
uploads/archive/墨寶/方老點傳師/翻拍/06250034.jpg,文章墨寶-翻拍,,仁義大仙,,墨寶,臺灣,,,崇德仁義-翻拍墨寶-9e562169.jpg,翻拍墨寶,
uploads/archive/墨寶/方老點傳師/翻拍/06250035.jpg,文章墨寶-翻拍,,仁義大仙,,墨寶,臺灣,,,崇德仁義-翻拍墨寶-8229389a.jpg,翻拍墨寶,
uploads/archive/墨寶/方老點傳師/翻拍/06250036.jpg,文章墨寶-翻拍,,仁義大仙,,墨寶,臺灣,,,崇德仁義-翻拍墨寶-de395ce4.jpg,翻拍墨寶,
uploads/archive/墨寶/方老點傳師/翻拍/06250037.jpg,對聯墨寶(右)-翻拍,,仁義大仙,,墨寶,臺灣,,,崇德仁義-翻拍墨寶-3c5d03ee.jpg,翻拍墨寶,
uploads/archive/墨寶/方老點傳師/翻拍/06250038.jpg,對聯墨寶(右)-翻拍,,仁義大仙,,墨寶,臺灣,,,崇德仁義-翻拍墨寶-eacbe035.jpg,翻拍墨寶,
uploads/archive/墨寶/方老點傳師寫書法/墨寶.png,墨寶,,仁義大仙,,墨寶,臺灣,,,崇德仁義-墨寶-5162b34a.png,墨寶,
uploads/archive/墨寶/方老點傳師寫書法/方老點傳師寫書法_1.jpg,寫書法墨寶(天佑宮),,仁義大仙,,墨寶,臺灣,,,崇德仁義-方老點傳師寫書法墨寶-9eab9870.jpg,方老點傳師寫書法墨寶,
uploads/archive/墨寶/方老點傳師寫書法/方老點傳師寫書法_2.jpg,寫書法墨寶(天佑宮),,仁義大仙,,墨寶,臺灣,,,崇德仁義-方老點傳師寫書法墨寶-8bb6e672.jpg,方老點傳師寫書法墨寶,
uploads/archive/墨寶/方老點傳師寫書法/方老點傳師寫書法_3.jpg,寫書法墨寶(天佑宮),,仁義大仙,,墨寶,臺灣,,,崇德仁義-方老點傳師寫書法墨寶-f654f4e7.jpg,方老點傳師寫書法墨寶,
uploads/archive/墨寶/方老點傳師寫書法/方老點傳師寫書法_4.jpg,寫書法墨寶(天佑宮),,仁義大仙,,墨寶,臺灣,,,崇德仁義-方老點傳師寫書法墨寶-6bca7cab.jpg,方老點傳師寫書法墨寶,
uploads/archive/墨寶/方老點傳師寫書法/方老點傳師寫書法_5.jpg,寫書法墨寶(天佑宮),,仁義大仙,,墨寶,臺灣,,,崇德仁義-方老點傳師寫書法墨寶-b21c6457.jpg,方老點傳師寫書法墨寶,
uploads/archive/墨寶/方老點傳師寫書法/方老點傳師寫書法_6.jpg,寫書法墨寶(天佑宮),,仁義大仙,,墨寶,臺灣,,,崇德仁義-方老點傳師寫書法墨寶-8fd6ecab.jpg,方老點傳師寫書法墨寶,
uploads/archive/墨寶/方老點傳師寫書法/方老點傳師寫書法_7.jpg,寫書法墨寶(天佑宮),,仁義大仙,,墨寶,臺灣,,,崇德仁義-方老點傳師寫書法墨寶-2b5139bd.jpg,方老點傳師寫書法墨寶,
uploads/archive/墨寶/方老點傳師寫書法/方老點傳師寫書法_8.jpg,寫書法墨寶(天佑宮),,仁義大仙,,墨寶,臺灣,,,崇德仁義-方老點傳師寫書法墨寶-af1d3460.jpg,方老點傳師寫書法墨寶,
uploads/archive/墨寶/方老點傳師寫書法/方老點傳師寫書法_9.png,寫書法墨寶,,仁義大仙,,墨寶,臺灣,,,崇德仁義-方老點傳師寫書法墨寶-88d85a3a.png,方老點傳師寫書法墨寶,
uploads/archive/墨寶/方老點傳師寫書法/書法合照.jpg,書法合照墨寶,,仁義大仙,,墨寶,臺灣,,,崇德仁義-書法合照墨寶-78cde428.jpg,書法合照墨寶,
uploads/archive/墨寶/朱玖塋墨寶/DSCF0049.JPG,朱玖塋墨寶,,,,墨寶,臺灣,,,崇德仁義-朱玖塋墨寶-52ff0960.JPG,朱玖塋墨寶,
uploads/archive/墨寶/朱玖塋墨寶/DSCF0050.JPG,朱玖塋墨寶,,,,墨寶,臺灣,,,崇德仁義-朱玖塋墨寶-334449ca.JPG,朱玖塋墨寶,
uploads/archive/墨寶/朱玖塋墨寶/DSCF0051.JPG,朱玖塋墨寶,,,,墨寶,臺灣,,,崇德仁義-朱玖塋墨寶-e4b335a6.JPG,朱玖塋墨寶,
uploads/archive/墨寶/朱玖塋墨寶/DSCF0052.JPG,朱玖塋墨寶,,,,墨寶,臺灣,,,崇德仁義-朱玖塋墨寶-04bacfae.JPG,朱玖塋墨寶,
uploads/archive/墨寶/朱玖塋墨寶/DSCF0053.JPG,朱玖塋墨寶,,,,墨寶,臺灣,,,崇德仁義-朱玖塋墨寶-c9652ccd.JPG,朱玖塋墨寶,
uploads/archive/墨寶/朱玖塋墨寶/DSCF0054.JPG,朱玖塋墨寶,,,,墨寶,臺灣,,,崇德仁義-朱玖塋墨寶-571fa2a1.JPG,朱玖塋墨寶,
uploads/archive/墨寶/朱玖塋墨寶/DSCF0055.JPG,朱玖塋墨寶,,,,墨寶,臺灣,,,崇德仁義-朱玖塋墨寶-2f5d072d.JPG,朱玖塋墨寶,
uploads/archive/墨寶/朱玖塋墨寶/DSCF0056.JPG,朱玖塋墨寶,,,,墨寶,臺灣,,,崇德仁義-朱玖塋墨寶-baa863ed.JPG,朱玖塋墨寶,
uploads/archive/墨寶/朱玖塋墨寶/DSCF0057.JPG,朱玖塋墨寶,,,,墨寶,臺灣,,,崇德仁義-朱玖塋墨寶-e7e04270.JPG,朱玖塋墨寶,
uploads/archive/墨寶/朱玖塋墨寶/DSCF0058.JPG,朱玖塋墨寶,,,,墨寶,臺灣,,,崇德仁義-朱玖塋墨寶-4f7e0f7d.JPG,朱玖塋墨寶,
uploads/archive/墨寶/朱玖塋墨寶/DSCF0059.JPG,朱玖塋墨寶,,,,墨寶,臺灣,,,崇德仁義-朱玖塋墨寶-0596662d.JPG,朱玖塋墨寶,
uploads/archive/墨寶/朱玖塋墨寶/DSCF0060.JPG,朱玖塋墨寶,,,,墨寶,臺灣,,,崇德仁義-朱玖塋墨寶-5bdb629a.JPG,朱玖塋墨寶,
uploads/archive/墨寶/朱玖塋墨寶/DSCF0061.JPG,朱玖塋墨寶,,,,墨寶,臺灣,,,崇德仁義-朱玖塋墨寶-4d064717.JPG,朱玖塋墨寶,
uploads/archive/墨寶/朱玖塋墨寶/DSCF0062.JPG,朱玖塋墨寶,,,,墨寶,臺灣,,,崇德仁義-朱玖塋墨寶-53102422.JPG,朱玖塋墨寶,
uploads/archive/墨寶/朱玖塋墨寶/DSCF0085.JPG,朱玖塋墨寶,,,,墨寶,臺灣,,,崇德仁義-朱玖塋墨寶-fac06a98.JPG,朱玖塋墨寶,
uploads/archive/墨寶/朱玖塋墨寶/DSCF0088.JPG,朱玖塋墨寶,,,,墨寶,臺灣,,,崇德仁義-朱玖塋墨寶-d477e991.JPG,朱玖塋墨寶,
uploads/archive/墨寶/朱玖塋墨寶/IMG_4197.jpg,朱玖塋墨寶,,,,墨寶,臺灣,,,崇德仁義-朱玖塋墨寶-2c841b76.jpg,朱玖塋墨寶,
uploads/archive/墨寶/朱玖塋墨寶/朱玖塋7.jpg,朱玖塋墨寶,,,,墨寶,臺灣,,,崇德仁義-朱玖塋墨寶-0475d78a.jpg,朱玖塋墨寶,
uploads/archive/墨寶/朱玖塋墨寶/朱玖塋一室可為安樂窩(下).jpg,朱玖塋一室可為安樂窩(下)墨寶,,,,墨寶,臺灣,,,崇德仁義-朱玖塋一室可為安樂窩(下墨寶-df4f279b.jpg,朱玖塋一室可為安樂窩(下墨寶,
uploads/archive/墨寶/朱玖塋墨寶/朱玖塋對聯1.JPG,朱玖塋對聯墨寶,,,,墨寶,臺灣,,,崇德仁義-朱玖塋對聯墨寶-7e37b081.JPG,朱玖塋對聯墨寶,
uploads/archive/墨寶/朱玖塋墨寶/朱玖塋對聯2.jpg,朱玖塋對聯墨寶,,,,墨寶,臺灣,,,崇德仁義-朱玖塋對聯墨寶-3bd70bf7.jpg,朱玖塋對聯墨寶,
uploads/archive/墨寶/朱玖塋墨寶/道範長存2.JPG,道範長存墨寶,,,,墨寶,臺灣,,,崇德仁義-道範長存墨寶-4325c16b.JPG,道範長存墨寶,
uploads/archive/墨寶/朱玖塋墨寶/道範長存3.JPG,道範長存墨寶,,,,墨寶,臺灣,,,崇德仁義-道範長存墨寶-983ba4e1.JPG,道範長存墨寶,
uploads/archive/家人/01.jpg,家人照片,,仁義大仙,家人,,臺灣,,,崇德仁義-家人照片-8b5fb219.jpg,家人照片,
uploads/archive/家人/11.jpg,家人照片,,仁義大仙,家人,,臺灣,,,崇德仁義-家人照片-e3d1e55e.jpg,家人照片,
uploads/archive/家人/19684545-C317-4FF7-B8A0-4390A66A3C68.JPG,家人照片,,仁義大仙,家人,,臺灣,,,崇德仁義-家人照片-096e29c6.JPG,家人照片,
uploads/archive/家人/CCF20210531_0002.jpg,家人照片,,仁義大仙,家人,,臺灣,,,崇德仁義-家人照片-6b52071f.jpg,家人照片,
uploads/archive/家人/CCF20210531_0010.jpg,家人照片,,仁義大仙,家人,,臺灣,,,崇德仁義-家人照片-2e4c6bf1.jpg,家人照片,
uploads/archive/家人/DSC_0082.jpg,家人照片,,仁義大仙,家人,,臺灣,,,崇德仁義-家人照片-c9b4771b.jpg,家人照片,
uploads/archive/家人/DSC_0083.jpg,家人照片,,仁義大仙,家人,,臺灣,,,崇德仁義-家人照片-748e12c9.jpg,家人照片,
uploads/archive/家人/File0053.jpg,家人照片,,仁義大仙,家人,,臺灣,,,崇德仁義-家人照片-957299a7.jpg,家人照片,
uploads/archive/家人/IMG_4502.JPG,家人照片,,仁義大仙,家人,,臺灣,,,崇德仁義-家人照片-f9949c93.JPG,家人照片,
uploads/archive/家人/IMG_4503.JPG,家人照片,,仁義大仙,家人,,臺灣,,,崇德仁義-家人照片-d20db5e4.JPG,家人照片,
uploads/archive/家人/IMG_4975.JPG,家人照片,,仁義大仙,家人,,臺灣,,,崇德仁義-家人照片-629ada19.JPG,家人照片,
uploads/archive/家人/P1030222.JPG,家人照片,,仁義大仙,家人,,臺灣,,,崇德仁義-家人照片-f6aad89e.JPG,家人照片,
uploads/archive/家人/P1030229.JPG,家人照片,,仁義大仙,家人,,臺灣,,,崇德仁義-家人照片-ee558b91.JPG,家人照片,
uploads/archive/家人/為母延壽.png,為母延壽,,仁義大仙,家人,,臺灣,,,崇德仁義-為母延壽-3fef7b88.png,為母延壽,
uploads/archive/家人/過年 (5)/DSCF0001.JPG,家人照片,,仁義大仙,家人,,臺灣,,,崇德仁義-家人照片-1c97f202.JPG,家人照片,
uploads/archive/家人/過年 (5)/DSCF0002.JPG,家人照片,,仁義大仙,家人,,臺灣,,,崇德仁義-家人照片-a31ba8b0.JPG,家人照片,
uploads/archive/家人/過年 (5)/DSCF0003.JPG,家人照片,,仁義大仙,家人,,臺灣,,,崇德仁義-家人照片-422a8db9.JPG,家人照片,
uploads/archive/家人/過年 (5)/DSCF0004.JPG,家人照片,,仁義大仙,家人,,臺灣,,,崇德仁義-家人照片-2f87dfd6.JPG,家人照片,
uploads/archive/家人/過年 (5)/DSCF0005.JPG,家人照片,,仁義大仙,家人,,臺灣,,,崇德仁義-家人照片-7f80b6cb.JPG,家人照片,
uploads/archive/家人/過年 (5)/DSCF0006.JPG,家人照片,,仁義大仙,家人,,臺灣,,,崇德仁義-家人照片-644ba023.JPG,家人照片,
uploads/archive/家人/過年 (5)/DSCF0007.JPG,家人照片,,仁義大仙,家人,,臺灣,,,崇德仁義-家人照片-fadabb41.JPG,家人照片,
uploads/archive/家人/過年 (5)/DSCF0008.JPG,家人照片,,仁義大仙,家人,,臺灣,,,崇德仁義-家人照片-8fcf1392.JPG,家人照片,
uploads/archive/家人/過年 (5)/DSCF0009.JPG,家人照片,,仁義大仙,家人,,臺灣,,,崇德仁義-家人照片-9e81ba7b.JPG,家人照片,
uploads/archive/家人/過年 (5)/DSCF0010.JPG,家人照片,,仁義大仙,家人,,臺灣,,,崇德仁義-家人照片-7575f86f.JPG,家人照片,
uploads/archive/家人/過年 (5)/DSCF0011.JPG,家人照片,,仁義大仙,家人,,臺灣,,,崇德仁義-家人照片-29bb386b.JPG,家人照片,
uploads/archive/家人/過年 (5)/DSCF0012.JPG,家人照片,,仁義大仙,家人,,臺灣,,,崇德仁義-家人照片-97d4d5fd.JPG,家人照片,
uploads/archive/家人/過年 (5)/DSCF0013.JPG,家人照片,,仁義大仙,家人,,臺灣,,,崇德仁義-家人照片-e8f1e189.JPG,家人照片,
uploads/archive/家人/過年 (5)/DSCF0014.JPG,家人照片,,仁義大仙,家人,,臺灣,,,崇德仁義-家人照片-7165d485.JPG,家人照片,
uploads/archive/家人/過年 (5)/DSCF0015.JPG,家人照片,,仁義大仙,家人,,臺灣,,,崇德仁義-家人照片-2d7f7789.JPG,家人照片,
uploads/archive/家人/過年 (5)/DSCF0016.JPG,家人照片,,仁義大仙,家人,,臺灣,,,崇德仁義-家人照片-659ea9fd.JPG,家人照片,
uploads/archive/家人/過年 (5)/DSCF0017.JPG,家人照片,,仁義大仙,家人,,臺灣,,,崇德仁義-家人照片-6d146257.JPG,家人照片,
uploads/archive/家人/過年 (5)/DSCF0018.JPG,家人照片,,仁義大仙,家人,,臺灣,,,崇德仁義-家人照片-c1073124.JPG,家人照片,
uploads/archive/家人/過年 (5)/DSCF0019.JPG,家人照片,,仁義大仙,家人,,臺灣,,,崇德仁義-家人照片-ae5171e3.JPG,家人照片,
uploads/archive/家人/過年 (5)/DSCF0020.JPG,家人照片,,仁義大仙,家人,,臺灣,,,崇德仁義-家人照片-499312de.JPG,家人照片,
uploads/archive/家人/過年 (5)/DSCF0021.JPG,家人照片,,仁義大仙,家人,,臺灣,,,崇德仁義-家人照片-c7155962.JPG,家人照片,
uploads/archive/家人/過年 (5)/DSCF0022.JPG,家人照片,,仁義大仙,家人,,臺灣,,,崇德仁義-家人照片-138bfb74.JPG,家人照片,
uploads/archive/家人/過年 (5)/DSCF0023.JPG,家人照片,,仁義大仙,家人,,臺灣,,,崇德仁義-家人照片-9b8bc831.JPG,家人照片,
uploads/archive/家人/過年 (5)/DSCF0024.JPG,家人照片,,仁義大仙,家人,,臺灣,,,崇德仁義-家人照片-0977ed15.JPG,家人照片,
uploads/archive/家人/過年 (5)/DSCF0025.JPG,家人照片,,仁義大仙,家人,,臺灣,,,崇德仁義-家人照片-2ef562af.JPG,家人照片,
uploads/archive/家人/過年 (5)/DSCF0026.JPG,家人照片,,仁義大仙,家人,,臺灣,,,崇德仁義-家人照片-f03df875.JPG,家人照片,
uploads/archive/家人/過年 (5)/DSCF0027.JPG,家人照片,,仁義大仙,家人,,臺灣,,,崇德仁義-家人照片-ec4847de.JPG,家人照片,
uploads/archive/家人/過年 (5)/DSCF0028.JPG,家人照片,,仁義大仙,家人,,臺灣,,,崇德仁義-家人照片-17f60f78.JPG,家人照片,
uploads/archive/家人/過年 (5)/DSCF0029.JPG,家人照片,,仁義大仙,家人,,臺灣,,,崇德仁義-家人照片-be8044d0.JPG,家人照片,
uploads/archive/家人/過年 (5)/DSCF1002.JPG,家人照片,,仁義大仙,家人,,臺灣,,,崇德仁義-家人照片-27d80685.JPG,家人照片,
uploads/archive/家人/過年 (5)/DSCF1003.JPG,家人照片,,仁義大仙,家人,,臺灣,,,崇德仁義-家人照片-d69b1bf0.JPG,家人照片,
uploads/archive/家人/過年 (5)/DSCF1004.JPG,家人照片,,仁義大仙,家人,,臺灣,,,崇德仁義-家人照片-ee3ca735.JPG,家人照片,
uploads/archive/家人/過年 (5)/DSCF1005.JPG,家人照片,,仁義大仙,家人,,臺灣,,,崇德仁義-家人照片-ad764417.JPG,家人照片,
uploads/archive/家人/過年 (5)/DSCF1006.JPG,家人照片,,仁義大仙,家人,,臺灣,,,崇德仁義-家人照片-5d56a1e2.JPG,家人照片,
uploads/archive/家人/過年 (5)/DSCF2001.JPG,家人照片,,仁義大仙,家人,,臺灣,,,崇德仁義-家人照片-b24a4c44.JPG,家人照片,
uploads/archive/家人/過年 (5)/DSCF2002 2.JPG,家人照片,,仁義大仙,家人,,臺灣,,,崇德仁義-家人照片-13bb8b46.JPG,家人照片,
uploads/archive/家人/過年 (5)/DSCF2002.JPG,家人照片,,仁義大仙,家人,,臺灣,,,崇德仁義-家人照片-6b42fb7e.JPG,家人照片,
uploads/archive/家人/過年 (5)/DSCF2003 2.JPG,家人照片,,仁義大仙,家人,,臺灣,,,崇德仁義-家人照片-6b9b9c5c.JPG,家人照片,
uploads/archive/家人/過年 (5)/DSCF2003.JPG,家人照片,,仁義大仙,家人,,臺灣,,,崇德仁義-家人照片-00be7b4f.JPG,家人照片,
uploads/archive/家人/過年 (5)/DSCF2004 2.JPG,家人照片,,仁義大仙,家人,,臺灣,,,崇德仁義-家人照片-961ff7ff.JPG,家人照片,
uploads/archive/家人/過年 (5)/DSCF2004.JPG,家人照片,,仁義大仙,家人,,臺灣,,,崇德仁義-家人照片-119a537f.JPG,家人照片,
uploads/archive/家人/過年 (5)/IMG_4612.JPG,家人照片(丹尼爾-嬰兒),,仁義大仙,家人,,臺灣,,,崇德仁義-家人照片-5e2a722d.JPG,家人照片,
uploads/archive/家人/過年 (5)/IMG_4613.JPG,家人照片(丹尼爾-嬰兒),,仁義大仙,家人,,臺灣,,,崇德仁義-家人照片-e6f46ee2.JPG,家人照片,
uploads/archive/家人/過年 (5)/IMG_4614.JPG,家人照片(丹尼爾-嬰兒),,仁義大仙,家人,,臺灣,,,崇德仁義-家人照片-b079afec.JPG,家人照片,
uploads/archive/家人/過年 (5)/IMG_4615.JPG,家人照片(丹尼爾-嬰兒),,仁義大仙,家人,,臺灣,,,崇德仁義-家人照片-944733b6.JPG,家人照片,
uploads/archive/家人/過年 (5)/IMG_4616.JPG,家人照片(丹尼爾-嬰兒),,仁義大仙,家人,,臺灣,,,崇德仁義-家人照片-9492463f.JPG,家人照片,
uploads/archive/獨照/健走_1.jpg,健走,,仁義大仙,獨照,,臺灣,,,崇德仁義-健走-81c2e9ff.jpg,健走,
uploads/archive/獨照/健走_2.jpg,健走,,仁義大仙,獨照,,臺灣,,,崇德仁義-健走-168a489d.jpg,健走,
uploads/archive/獨照/健走_3.jpg,健走,,仁義大仙,獨照,,臺灣,,,崇德仁義-健走-43af8bd3.jpg,健走,
uploads/archive/獨照/出國開荒.jpg,出國開荒,,仁義大仙,獨照,,臺灣,,,崇德仁義-出國開荒-0183d541.jpg,出國開荒,
uploads/archive/獨照/孔廟照_2.jpg,孔廟留影,,仁義大仙,獨照,,臺灣,,,崇德仁義-孔廟照-3a76555d.jpg,孔廟照,
uploads/archive/獨照/孔廟照_3.jpg,孔廟留影,,仁義大仙,獨照,,臺灣,,,崇德仁義-孔廟照-8d935b27.jpg,孔廟照,
uploads/archive/獨照/崇德蓮花邦.jpg,崇德蓮花邦,,仁義大仙,獨照,,臺灣,,,崇德仁義-崇德蓮花邦-64f5dae9.jpg,崇德蓮花邦,
uploads/archive/獨照/獨照_1.jpg,獨照,,仁義大仙,獨照,,臺灣,,,崇德仁義-獨照-b01e3d50.jpg,獨照,
uploads/archive/獨照/獨照_2.jpg,獨照,,仁義大仙,獨照,,臺灣,,,崇德仁義-獨照-7534cb88.jpg,獨照,
uploads/archive/獨照/獨照_5.png,獨照,,仁義大仙,獨照,,臺灣,,,崇德仁義-獨照-c7a0e7b4.png,獨照,
uploads/archive/獨照/獨照_6.JPG,獨照,,仁義大仙,獨照,,臺灣,,,崇德仁義-獨照-9c575813.JPG,獨照,
uploads/archive/獨照/白水聖帝追思紀念.jpg,白水聖帝追思紀念,,仁義大仙,獨照,,臺灣,,,崇德仁義-白水聖帝追思紀念-de509310.jpg,白水聖帝追思紀念,
uploads/archive/獨照/禮運大同.png,禮運大同,,仁義大仙,獨照,,臺灣,,,崇德仁義-禮運大同-f9baecbe.png,禮運大同,
uploads/archive/獨照/竹編椅_2.jpg,竹編椅留影,,仁義大仙,獨照,,臺灣,,,崇德仁義-竹編椅-1572aa83.jpg,竹編椅,
uploads/archive/獨照/專業拍攝/大頭照_1.jpg,大頭照,,仁義大仙,獨照,,臺灣,,,崇德仁義-大頭照-74dce178.jpg,大頭照,
uploads/archive/獨照/專業拍攝/大頭照_2.jpg,大頭照,,仁義大仙,獨照,,臺灣,,,崇德仁義-大頭照-9902bc98.jpg,大頭照,
uploads/archive/獨照/專業拍攝/大頭照_3.jpg,大頭照,,仁義大仙,獨照,,臺灣,,,崇德仁義-大頭照-d0175d88.jpg,大頭照,
uploads/archive/獨照/專業拍攝/大頭照_4.png,大頭照,,仁義大仙,獨照,,臺灣,,,崇德仁義-大頭照-6d5a79ab.png,大頭照,
uploads/archive/獨照/專業拍攝/大頭照_5.jpg,大頭照,,仁義大仙,獨照,,臺灣,,,崇德仁義-大頭照-7bd08132.jpg,大頭照,
uploads/archive/獨照/專業拍攝/封面.jpg,封面,,仁義大仙,獨照,,臺灣,,,崇德仁義-封面-8316c069.jpg,封面,
uploads/archive/獨照/專業拍攝/特拍_1.jpg,特拍,,仁義大仙,獨照,,臺灣,,,崇德仁義-特拍-05250f07.jpg,特拍,
uploads/archive/獨照/專業拍攝/特拍_2.jpg,特拍,,仁義大仙,獨照,,臺灣,,,崇德仁義-特拍-7e02210d.jpg,特拍,
uploads/archive/獨照/專業拍攝/特拍_3.jpg,特拍,,仁義大仙,獨照,,臺灣,,,崇德仁義-特拍-7ed8fc1f.jpg,特拍,
uploads/archive/獨照/專業拍攝/特拍_4.jpg,特拍,,仁義大仙,獨照,,臺灣,,,崇德仁義-特拍-4ac47765.jpg,特拍,
uploads/archive/獨照/獨照_4 泰國.png,泰國辦道,,仁義大仙,獨照,,泰國,,,崇德仁義-獨照-d770c26b.png,獨照,
uploads/archive/眾道親/其他2.jpg,其他,,仁義大仙,眾道親,,臺灣,,,崇德仁義-其他-be139974.jpg,其他,
uploads/archive/眾道親/孝義聯誼會2.png,孝義聯誼會,,仁義大仙,眾道親,,臺灣,,,崇德仁義-孝義聯誼會-dd8ea439.png,孝義聯誼會,
uploads/archive/眾道親/崇德壇前1.jpg,崇德壇前,,仁義大仙,眾道親,,臺灣,,,崇德仁義-崇德壇前-c9c89944.jpg,崇德壇前,
uploads/archive/眾道親/崇德壇前2.jpg,崇德壇前,,仁義大仙,眾道親,,臺灣,,,崇德仁義-崇德壇前-61faf181.jpg,崇德壇前,
uploads/archive/眾道親/書卷1.jpg,書卷,,仁義大仙,眾道親,,臺灣,,,崇德仁義-書卷-3c6d2c7b.jpg,書卷,
uploads/archive/眾道親/書卷2.jpg,書卷,,仁義大仙,眾道親,,臺灣,,,崇德仁義-書卷-5cb5f3c0.jpg,書卷,
uploads/archive/眾道親/書卷3.jpg,書卷,,仁義大仙,眾道親,,臺灣,,,崇德仁義-書卷-edcc32a3.jpg,書卷,
uploads/archive/眾道親/書卷4.jpg,書卷,,仁義大仙,眾道親,,臺灣,,,崇德仁義-書卷-265c2128.jpg,書卷,
uploads/archive/眾道親/眾道親1.jpg,眾道親合照,,仁義大仙,眾道親,,臺灣,,,崇德仁義-眾道親-eab93420.jpg,眾道親,
uploads/archive/眾道親/眾道親10.jpg,眾道親合照,,仁義大仙,眾道親,,臺灣,,,崇德仁義-眾道親-2ebec163.jpg,眾道親,
uploads/archive/眾道親/眾道親11.jpg,眾道親合照,,仁義大仙,眾道親,,臺灣,,,崇德仁義-眾道親-93e7875e.jpg,眾道親,
uploads/archive/眾道親/眾道親12.jpg,眾道親合照,,仁義大仙,眾道親,,臺灣,,,崇德仁義-眾道親-850ed17e.jpg,眾道親,
uploads/archive/眾道親/眾道親13.jpg,眾道親合照,,仁義大仙,眾道親,,臺灣,,,崇德仁義-眾道親-3e89db3d.jpg,眾道親,
uploads/archive/眾道親/眾道親14.jpg,眾道親合照,,仁義大仙,眾道親,,臺灣,,,崇德仁義-眾道親-4075e474.jpg,眾道親,
uploads/archive/眾道親/眾道親15.jpg,蔡點傳師合照,,仁義大仙,眾道親,,臺灣,,,崇德仁義-眾道親-307f5951.jpg,眾道親,
uploads/archive/眾道親/眾道親16.jpg,眾道親合照,,仁義大仙,眾道親,,臺灣,,,崇德仁義-眾道親-6596af7d.jpg,眾道親,
uploads/archive/眾道親/眾道親4.jpg,眾道親合照(同老前人),,仁義大仙,眾道親,,臺灣,,,崇德仁義-眾道親-8296a6e7.jpg,眾道親,
uploads/archive/眾道親/眾道親7.jpg,眾道親合照,,仁義大仙,眾道親,,臺灣,,,崇德仁義-眾道親-874ab7a3.jpg,眾道親,
uploads/archive/眾道親/眾道親8.jpg,眾道親合照,,仁義大仙,眾道親,,臺灣,,,崇德仁義-眾道親-aa1d1755.jpg,眾道親,
uploads/archive/眾道親/眾道親天佑宮1.jpg,眾道親天佑宮合照,,仁義大仙,眾道親,,臺灣,,,崇德仁義-眾道親天佑宮-e94eb29b.jpg,眾道親天佑宮,
uploads/archive/眾道親/眾道親天佑宮2.jpg,眾道親天佑宮合照,,仁義大仙,眾道親,,臺灣,,,崇德仁義-眾道親天佑宮-4b8355b8.jpg,眾道親天佑宮,
uploads/archive/眾道親/眾道親天佑宮3.JPG,眾道親天佑宮合照,,仁義大仙,眾道親,,臺灣,,,崇德仁義-眾道親天佑宮-07b8b089.JPG,眾道親天佑宮,
uploads/archive/眾道親/福山行1.jpg,福山行,,仁義大仙,眾道親,,臺灣,,,崇德仁義-福山行-60192ff6.jpg,福山行,
uploads/archive/眾道親/福山行2.jpg,福山行,,仁義大仙,眾道親,,臺灣,,,崇德仁義-福山行-4727fc5c.jpg,福山行,
uploads/archive/眾道親/福山行3.jpg,福山行,,仁義大仙,眾道親,,臺灣,,,崇德仁義-福山行-05d8497a.jpg,福山行,
uploads/archive/眾道親/談話.png,談話,,仁義大仙,眾道親,,臺灣,,,崇德仁義-談話-d4fca74c.png,談話,
uploads/archive/眾道親/頒獎.jpg,頒獎,,仁義大仙,眾道親,,臺灣,,,崇德仁義-頒獎-44a7c07b.jpg,頒獎,
uploads/archive/與前人輩/前人老/IMG_6230.jpg,眾道親合照(前人老-中間),,仁義大仙|前人老,,,臺灣,,,崇德仁義-典藏照片-435206f0.jpg,典藏照片,
uploads/archive/與前人輩/前人老/前人老頒獎2.jpg,前人老頒獎,,仁義大仙|前人老,,,臺灣,,,崇德仁義-前人老頒獎-aa612dd5.jpg,前人老頒獎,
uploads/archive/與前人輩/前人老/前人老頒獎3.png,前人老頒獎,,仁義大仙|前人老,,,臺灣,,,崇德仁義-前人老頒獎-591685f2.png,前人老頒獎,
uploads/archive/與前人輩/老前人/孔廟2.jpg,同老前人孔廟留影,,仁義大仙|老前人,,,臺灣,,,崇德仁義-孔廟-007bbbdf.jpg,孔廟,
uploads/archive/與前人輩/老前人/孔廟3.jpg,同老前人孔廟留影,,仁義大仙|老前人,,,臺灣,,,崇德仁義-孔廟-82ce64e0.jpg,孔廟,
uploads/archive/與前人輩/老前人/眾道親/眾道親11.jpg,眾道親合照(同老前人),,仁義大仙|老前人,,,臺灣,,,崇德仁義-眾道親-ce19bc3c.jpg,眾道親,
uploads/archive/與前人輩/老前人/眾道親/眾道親12.jpg,眾道親合照(同老前人),,仁義大仙|老前人,,,臺灣,,,崇德仁義-眾道親-dcdb0c50.jpg,眾道親,
uploads/archive/與前人輩/老前人/眾道親/眾道親13.jpg,眾道親合照(同老前人),,仁義大仙|老前人,,,臺灣,,,崇德仁義-眾道親-7a5c675f.jpg,眾道親,
uploads/archive/與前人輩/老前人/眾道親/眾道親14.jpg,眾道親合照(同老前人),,仁義大仙|老前人,,,臺灣,,,崇德仁義-眾道親-e78da07f.jpg,眾道親,
uploads/archive/與前人輩/老前人/眾道親/眾道親16.jpg,眾道親(同老前人),,仁義大仙|老前人,,,臺灣,,,崇德仁義-眾道親-5b295091.jpg,眾道親,
uploads/archive/與前人輩/老前人/眾道親/眾道親4.jpg,眾道親合照(同老前人),,仁義大仙|老前人,,,臺灣,,,崇德仁義-眾道親-55597b14.jpg,眾道親,
uploads/archive/與前人輩/老前人/眾道親/眾道親5.jpg,眾道親合照(同老前人),,仁義大仙|老前人,,,臺灣,,,崇德仁義-眾道親-df334ac6.jpg,眾道親,
uploads/archive/與前人輩/老前人/眾道親/眾道親6.jpg,眾道親合照(同老前人),,仁義大仙|老前人,,,臺灣,,,崇德仁義-眾道親-3f5dd48e.jpg,眾道親,
uploads/archive/與前人輩/老前人/眾道親/眾道親7.jpg,眾道親合照(同老前人),,仁義大仙|老前人,,,臺灣,,,崇德仁義-眾道親-18b1c429.jpg,眾道親,
uploads/archive/與前人輩/老前人/眾道親/眾道親8.jpg,眾道親合照(同老前人),,仁義大仙|老前人,,,臺灣,,,崇德仁義-眾道親-6850cfa1.jpg,眾道親,
uploads/archive/與前人輩/老前人/眾道親/眾道親9.jpg,眾道親合照(同老前人),,仁義大仙|老前人,,,臺灣,,,崇德仁義-眾道親-3dd003d0.jpg,眾道親,
uploads/archive/與前人輩/老前人/眾道親/眾道親10 日本.jpg,眾道親合照(老前人，前人老)-日本,,仁義大仙|老前人|前人老,,,日本,,,崇德仁義-眾道親-f7442cd9.jpg,眾道親,
uploads/archive/與前人輩/老前人/眾道親/眾道親1印尼.jpg,眾道親合照-印尼,,仁義大仙|老前人,,,印尼,,,崇德仁義-眾道親-2aa6137f.jpg,眾道親,
uploads/archive/與前人輩/老前人/眾道親/眾道親3印尼.jpg,眾道親合照(同老前人)-印尼,,仁義大仙|老前人,,,印尼,,,崇德仁義-眾道親-9e78a5ad.jpg,眾道親,
uploads/archive/與前人輩/老前人/眾道親/眾道親15（1993年）3月18日，白水聖帝（韓雨霖）曾率員遠赴印尼、新加坡、香港及澳門等地普照道親，勉勵海外人才.jpg,眾道親合照(同老前人)-新加坡,,仁義大仙|老前人,,,臺灣,,,崇德仁義-眾道親-445ef480.jpg,眾道親,
uploads/archive/與前人輩/老前人/眾道親/眾道親2（1993年）3月18日，白水聖帝（韓雨霖）曾率員遠赴新加坡普照道親勉勵海外人才.jpg,眾道親合照(同老前人)-新加坡,,仁義大仙|老前人,,,新加坡,,,崇德仁義-眾道親-8a29559d.jpg,眾道親,
uploads/archive/與前人輩/老前人/出行3890428.jpg,同老前人出行,,仁義大仙|老前人,,,臺灣,,,崇德仁義-出行-eae884f0.jpg,出行,
uploads/archive/與前人輩/老前人/出行4-19930409.jpg,同老前人出行,,仁義大仙|老前人,,,臺灣,,,崇德仁義-出行-292aceb5.jpg,出行,
"uploads/archive/與前人輩/老前人,前人老（單獨）/前人老/前人和美二十751016-1.jpg",前人老蒞臨和美二十,,仁義大仙|前人老,,,臺灣,,,崇德仁義-前人和美二十-45dd170d.jpg,前人和美二十,
"uploads/archive/與前人輩/老前人,前人老（單獨）/前人老/前人和美二十751016-2.jpg",前人老蒞臨和美二十,,仁義大仙|前人老,,,臺灣,,,崇德仁義-前人和美二十-c1307bcd.jpg,前人和美二十,
"uploads/archive/與前人輩/老前人,前人老（單獨）/前人老/前人和美懺悔班730401.jpg",前人老蒞臨和美懺悔班,,仁義大仙|前人老,,,臺灣,,,崇德仁義-前人和美懺悔班-dccb4e73.jpg,前人和美懺悔班,
"uploads/archive/與前人輩/老前人,前人老（單獨）/前人老/前人老與護慈仙真.jpg",前人老與護慈仙真,,仁義大仙|前人老,,,臺灣,,,崇德仁義-前人老與護慈仙真-5b7da185.jpg,前人老與護慈仙真,
"uploads/archive/與前人輩/老前人,前人老（單獨）/老前人/傳題_2.jpg",老前人慈悲傳題,,仁義大仙|老前人,,,臺灣,,,崇德仁義-傳題-1917db5e.jpg,傳題,
"uploads/archive/與前人輩/老前人,前人老（單獨）/老前人/傳題_3.jpg",老前人慈悲傳題,,仁義大仙|老前人,,,臺灣,,,崇德仁義-傳題-335f759b.jpg,傳題,
"uploads/archive/與前人輩/老前人,前人老（單獨）/老前人/傳題_4.jpg",老前人慈悲傳題,,仁義大仙|老前人,,,臺灣,,,崇德仁義-傳題-d1397af2.jpg,傳題,
"uploads/archive/與前人輩/老前人,前人老（單獨）/老前人/傳題_5.jpg",老前人慈悲傳題,,仁義大仙|老前人,,,臺灣,,,崇德仁義-傳題-f1735a3e.jpg,傳題,
"uploads/archive/與前人輩/老前人,前人老（單獨）/老前人/傳題_6.jpg",老前人慈悲傳題,,仁義大仙|老前人,,,臺灣,,,崇德仁義-傳題-b2ff648c.jpg,傳題,
"uploads/archive/與前人輩/老前人,前人老（單獨）/老前人/傳題_7.jpg",老前人慈悲傳題,,仁義大仙|老前人,,,臺灣,,,崇德仁義-傳題-bdb8505d.jpg,傳題,
"uploads/archive/與前人輩/老前人,前人老（單獨）/老前人/傳題_8.jpg",老前人慈悲傳題,,仁義大仙|老前人,,,臺灣,,,崇德仁義-傳題-ac7b23f4.jpg,傳題,
"uploads/archive/與前人輩/老前人,前人老（單獨）/老前人/獨照_1.jpg",老前人獨照,,仁義大仙|老前人,,,臺灣,,,崇德仁義-獨照-5e66bf45.jpg,獨照,
"uploads/archive/與前人輩/老前人,前人老（單獨）/老前人/獨照_2.jpg",老前人獨照,,仁義大仙|老前人,,,臺灣,,,崇德仁義-獨照-30250460.jpg,獨照,
"uploads/archive/與前人輩/老前人,前人老（單獨）/老前人/獨照_3.jpg",老前人獨照,,仁義大仙|老前人,,,臺灣,,,崇德仁義-獨照-c9fdcdb3.jpg,獨照,
"uploads/archive/與前人輩/老前人,前人老（單獨）/老前人/獨照_4.jpg",老前人獨照,,仁義大仙|老前人,,,臺灣,,,崇德仁義-獨照-5df1fb43.jpg,獨照,
"uploads/archive/與前人輩/老前人,前人老（單獨）/老前人/獨照_5.jpg",老前人獨照,,仁義大仙|老前人,,,臺灣,,,崇德仁義-獨照-0da3a338.jpg,獨照,
"uploads/archive/與前人輩/老前人,前人老（單獨）/老前人/獨照_6.jpg",老前人獨照,,仁義大仙|老前人,,,臺灣,,,崇德仁義-獨照-c39176aa.jpg,獨照,
"uploads/archive/與前人輩/老前人,前人老（單獨）/老前人/獨照_7.jpg",老前人獨照,,仁義大仙|老前人,,,臺灣,,,崇德仁義-獨照-7efc558a.jpg,獨照,
"uploads/archive/與前人輩/老前人,前人老（單獨）/老前人/獨照_8.jpg",老前人獨照,,仁義大仙|老前人,,,臺灣,,,崇德仁義-獨照-f21c4d85.jpg,獨照,
"uploads/archive/與前人輩/老前人,前人老（單獨）/老前人/獨照_9.jpg",老前人獨照,,仁義大仙|老前人,,,臺灣,,,崇德仁義-獨照-706d750f.jpg,獨照,
"uploads/archive/與前人輩/老前人,前人老（單獨）/老前人/眾道親_1.jpg",老前人出行,,仁義大仙|老前人,,,臺灣,,,崇德仁義-眾道親-d7f4db08.jpg,眾道親,
"uploads/archive/與前人輩/老前人,前人老（單獨）/老前人/眾道親_2.jpg",眾道親合照(老前人),,仁義大仙|老前人,,,臺灣,,,崇德仁義-眾道親-b958e73d.jpg,眾道親,
"uploads/archive/與前人輩/老前人,前人老（單獨）/老前人/眾道親_3.jpg",眾道親合照(老前人),,仁義大仙|老前人,,,臺灣,,,崇德仁義-眾道親-9690ef85.jpg,眾道親,
"uploads/archive/與前人輩/老前人,前人老（單獨）/老前人/眾道親_4.jpg",眾道親合照(老前人),,仁義大仙|老前人,,,臺灣,,,崇德仁義-眾道親-8ca8e892.jpg,眾道親,
"uploads/archive/與前人輩/老前人,前人老（單獨）/老前人/眾道親_5.jpg",眾道親合照(老前人),,仁義大仙|老前人,,,臺灣,,,崇德仁義-眾道親-09e2e98c.jpg,眾道親,
"uploads/archive/與前人輩/老前人,前人老（單獨）/老前人/眾道親_6.jpg",眾道親合照(老前人),,仁義大仙|老前人,,,臺灣,,,崇德仁義-眾道親-fa09801f.jpg,眾道親,
"uploads/archive/與前人輩/老前人,前人老（單獨）/老前人/眾道親_7.jpg",眾道親合照(老前人),,仁義大仙|老前人,,,臺灣,,,崇德仁義-眾道親-d043be03.jpg,眾道親,
"uploads/archive/與前人輩/老前人,前人老（單獨）/老前人/傳題_1（1993年）3月18日，老前人率領方吳慶、李澄濤、董招賢、陳美珠等人前往印尼、新加坡等地普照行程共17天.jpg",老前人慈悲傳題-新加坡,,仁義大仙|老前人,,,新加坡,,,崇德仁義-傳題-132798b3.jpg,傳題,
uploads/archive/追思會/追思會1.png,追思會(前人老),,仁義大仙,,,臺灣,,,崇德仁義-追思會-f0fc3e6e.png,追思會,
uploads/archive/追思會/追思會2.png,追思會,,仁義大仙,,,臺灣,,,崇德仁義-追思會-91597cd8.png,追思會,
uploads/archive/追思會/追思會3.png,追思會,,仁義大仙,,,臺灣,,,崇德仁義-追思會-f784dbad.png,追思會,
uploads/archive/追思會/追思會4.png,追思會,,仁義大仙,,,臺灣,,,崇德仁義-追思會-4d4e79c4.png,追思會,
uploads/archive/追思會/追思會5.png,追思會,,仁義大仙,,,臺灣,,,崇德仁義-追思會-90074df9.png,追思會,
uploads/archive/追思會/追思會6.png,追思會,,仁義大仙,,,臺灣,,,崇德仁義-追思會-75935611.png,追思會,
uploads/archive/1日本/方老點傳師傳題_13.jpg,日本慈悲傳題,,仁義大仙,,,日本,,,崇德仁義-日本傳題-8c4721b7.jpg,日本傳題,
uploads/archive/1日本/方老點傳師傳題_14.jpg,日本慈悲傳題,,仁義大仙,,,日本,,,崇德仁義-日本傳題-da79065c.jpg,日本傳題,
uploads/archive/1日本/1988國曆四月廿八日，日本崎玉縣秩父市天一宮舉行擴建落成典禮，恭請老前人主持，陳大姑前人及方吳慶、李澄濤、李瓊華、陳松茂、陳美珠等十餘人參加。行程前後七天/出行1日本.jpg,同老前人出行日本,,仁義大仙|老前人,,,日本,,,崇德仁義-出行-43a9b4cc.jpg,出行,
uploads/archive/1日本/1988國曆四月廿八日，日本崎玉縣秩父市天一宮舉行擴建落成典禮，恭請老前人主持，陳大姑前人及方吳慶、李澄濤、李瓊華、陳松茂、陳美珠等十餘人參加。行程前後七天/出行2日本.jpg,同老前人出行日本,,仁義大仙|老前人,,,日本,,,崇德仁義-出行-42c3e634.jpg,出行,
uploads/archive/3印尼  新加坡/辦道(天主教）1.jpg,辦道(天主教),,仁義大仙,,,,,,崇德仁義-辦道(天主教-bb4b0bfb.jpg,辦道(天主教,
uploads/archive/3印尼  新加坡/辦道2.jpg,辦道(天主教),,仁義大仙,,,,,,崇德仁義-辦道-f927a285.jpg,辦道,
uploads/archive/3印尼  新加坡/辦道（天主教）2.jpg,辦道（天主教),,仁義大仙,,,,,,崇德仁義-辦道（天主教-39380738.jpg,辦道（天主教,
uploads/archive/3印尼  新加坡/辦道（天主教）3.jpg,辦道（天主教),,仁義大仙,,,,,,崇德仁義-辦道（天主教-329f9ea5.jpg,辦道（天主教,
uploads/archive/3印尼  新加坡/開沙1.jpg,開沙,,仁義大仙,,,,,,崇德仁義-開沙-1a472f90.jpg,開沙,
uploads/archive/3印尼  新加坡/開沙2.jpg,開沙,,仁義大仙,,,,,,崇德仁義-開沙-806a3018.jpg,開沙,
uploads/archive/3印尼  新加坡/印尼正德佛院動土2.jpg,印尼正德佛院動土,,仁義大仙,,,印尼,,,崇德仁義-印尼正德佛院動土-156f91e6.jpg,印尼正德佛院動土,
uploads/archive/3印尼  新加坡/印尼正德佛院動土3.png,印尼正德佛院動土,,仁義大仙,,,印尼,,,崇德仁義-印尼正德佛院動土-b94ed824.png,印尼正德佛院動土,
uploads/archive/3印尼  新加坡/眾道親9.png,眾道親合照,,仁義大仙,,,,,,崇德仁義-眾道親-7d0b7a30.png,眾道親,
uploads/archive/3印尼  新加坡/（1993年）3月18日，老前人率領方吳慶、李澄濤、董招賢、陳美珠等人前往印尼、新加坡等地普照行程共17天/叩拜3 印尼.jpg,叩拜(同老前人),,仁義大仙|老前人,,,印尼,,,崇德仁義-叩拜-530c2724.jpg,叩拜,
uploads/archive/3印尼  新加坡/（1993年）3月18日，老前人率領方吳慶、李澄濤、董招賢、陳美珠等人前往印尼、新加坡等地普照行程共17天/其他1.jpg,其他,,仁義大仙|老前人,,,,,,崇德仁義-其他-c556e6e8.jpg,其他,
uploads/archive/3印尼  新加坡/（1993年）3月18日，老前人率領方吳慶、李澄濤、董招賢、陳美珠等人前往印尼、新加坡等地普照行程共17天/眾道親5.jpg,眾道親合照(同老前人)-印尼,,仁義大仙|老前人,,,,,,崇德仁義-眾道親-da2e42ed.jpg,眾道親,
uploads/archive/3印尼  新加坡/（1993年）3月18日，老前人率領方吳慶、李澄濤、董招賢、陳美珠等人前往印尼、新加坡等地普照行程共17天/1993印尼/叩拜2 印尼.jpg,叩拜(同老前人),,仁義大仙|老前人,,,印尼,,,崇德仁義-叩拜-dd492be6.jpg,叩拜,
uploads/archive/3印尼  新加坡/（1993年）3月18日，老前人率領方吳慶、李澄濤、董招賢、陳美珠等人前往印尼、新加坡等地普照行程共17天/1993印尼/用餐印尼.jpg,用餐(同老前人),,仁義大仙|老前人,,,印尼,,,崇德仁義-用餐-940de043.jpg,用餐,
uploads/archive/3印尼  新加坡/（1993年）3月18日，老前人率領方吳慶、李澄濤、董招賢、陳美珠等人前往印尼、新加坡等地普照行程共17天/1993印尼/老前人傳題 印尼.jpg,老前人慈悲傳題,,仁義大仙|老前人,,,印尼,,,崇德仁義-老前人傳題-7dacad02.jpg,老前人傳題,
uploads/archive/3印尼  新加坡/（1993年）3月18日，老前人率領方吳慶、李澄濤、董招賢、陳美珠等人前往印尼、新加坡等地普照行程共17天/1993印尼/印尼穆德動土.jpg,印尼穆德動土,,仁義大仙|老前人,,,印尼,,,崇德仁義-印尼穆德動土-87e814d4.jpg,印尼穆德動土,
uploads/archive/3印尼  新加坡/（1993年）3月18日，老前人率領方吳慶、李澄濤、董招賢、陳美珠等人前往印尼、新加坡等地普照行程共17天/1993印尼/印尼泗水穆德佛院    眾道親印尼2.jpg,印尼泗水穆德佛院,,仁義大仙|老前人,,,印尼,,,崇德仁義-印尼泗水穆德佛院 眾道親印尼-1d083659.jpg,印尼泗水穆德佛院 眾道親印尼,
uploads/archive/3印尼  新加坡/方老點傳師傳題_16.jpg,慈悲傳題,,仁義大仙,,,,,,崇德仁義-方老點傳師傳題-3bbea337.jpg,方老點傳師傳題,
uploads/archive/3印尼  新加坡/方老點傳師傳題_17.jpg,慈悲傳題,,仁義大仙,,,,,,崇德仁義-方老點傳師傳題-992d3a23.jpg,方老點傳師傳題,
uploads/archive/3印尼  新加坡/方老點傳師傳題_19印尼.jpg,慈悲傳題,,仁義大仙,,,印尼,,,崇德仁義-方老點傳師傳題-0abdef0a.jpg,方老點傳師傳題,
uploads/archive/3印尼  新加坡/方老點傳師傳題_21.jpg,慈悲傳題,,仁義大仙,,,,,,崇德仁義-方老點傳師傳題-511f2c67.jpg,方老點傳師傳題,
uploads/archive/3印尼  新加坡/方老點傳師傳題_22.jpg,慈悲傳題,,仁義大仙,,,,,,崇德仁義-方老點傳師傳題-4467a985.jpg,方老點傳師傳題,
uploads/archive/3印尼  新加坡/方老點傳師傳題_26印尼.png,印尼慈悲傳題,,仁義大仙,,,印尼,,,崇德仁義-方老點傳師傳題-d173b3c0.png,方老點傳師傳題,
uploads/archive/3印尼  新加坡/方老點傳師傳題_4.jpg,慈悲傳題,,仁義大仙,,,,,,崇德仁義-方老點傳師傳題-65c9104a.jpg,方老點傳師傳題,
uploads/archive/3印尼  新加坡/眾道親2.jpg,眾道親合照,,仁義大仙,,,,,,崇德仁義-眾道親-74d5bd12.jpg,眾道親,
uploads/archive/3印尼  新加坡/眾道親6.jpg,眾道親合照(同老前人)-印尼,,仁義大仙,,,,,,崇德仁義-眾道親-143041d1.jpg,眾道親,
uploads/archive/3印尼  新加坡/眾道親3.jpg,眾道親合照,,仁義大仙,,,,,,崇德仁義-眾道親-69039596.jpg,眾道親,
